EPC,AntnenaId,ChannelIndex,Doppler,PeekRssi,PrecissRssi,Phase,FirstReadTime,LastReadTime,ReadCount,Timestamp
E20068777716022812209DB8,1,1,442,-50,-5050,2280,1366686715772203,1366686715772203,1,1366690089805
E20068777716022812209DB8,1,1,442,-50,-5050,2284,1366686715780013,1366686715780013,1,1366690089821
E20068777716022812209DB8,2,1,221,-47,-4750,1756,1366686715791678,1366686715791678,1,1366690089821
E20068777716022812209DB8,2,1,247,-47,-4750,1752,1366686715802564,1366686715802564,1,1366690089856
E20068777716022812209DB8,3,1,169,-45,-4550,404,1366686715821331,1366686715821331,1,1366690089856
E20068777716022812209DB8,3,1,117,-45,-4550,416,1366686715829818,1366686715829818,1,1366690089857
E20068777716022812209DB8,1,1,494,-50,-5050,2280,1366686715841309,1366686715841309,1,1366690089857
E20068777716022812209DB8,1,1,494,-50,-5050,2284,1366686715855314,1366686715855314,1,1366690089857
E20068777716022812209DB8,2,1,299,-47,-4750,1752,1366686715867825,1366686715867825,1,1366690089882
E20068777716022812209DB8,2,1,338,-47,-4750,1752,1366686715873995,1366686715873995,1,1366690089882
E20068777716022812209DB8,3,1,221,-45,-4550,404,1366686715901033,1366686715901033,1,1366690089882
E20068777716022812209DB8,3,1,52,-45,-4550,408,1366686715908723,1366686715908723,1,1366690089882
E20068777716022812209DB8,1,1,364,-51,-5100,2292,1366686715924398,1366686715924398,1,1366690089926
E20068777716022812209DB8,1,1,299,-50,-5050,2300,1366686715928646,1366686715928646,1,1366690089926
E20068777716022812209DB8,2,1,416,-47,-4750,1736,1366686715945751,1366686715945751,1,1366690089926
E20068777716022812209DB8,2,1,247,-47,-4750,1760,1366686715955304,1366686715955304,1,1366690089926
E20068777716022812209DB8,3,1,78,-45,-4550,408,1366686715970377,1366686715970377,1,1366690089926
E20068777716022812209DB8,3,1,117,-45,-4550,408,1366686715976367,1366686715976367,1,1366690089926
E20068777716022812209DB8,1,1,299,-50,-5050,2284,1366686715992233,1366686715992233,1,1366690089927
E20068777716022812209DB8,1,1,416,-50,-5050,2280,1366686716005272,1366686716005272,1,1366690089927
E20068777716022812209DB8,2,1,195,-47,-4750,1756,1366686716019730,1366686716019730,1,1366690090048
E20068777716022812209DB8,2,1,273,-47,-4750,1760,1366686716028825,1366686716028825,1,1366690090048
E20068777716022812209DB8,1,1,442,-51,-5100,2296,1366686716051859,1366686716051859,1,1366690090048
E20068777716022812209DB8,1,1,468,-50,-5050,2280,1366686716061228,1366686716061228,1,1366690090049
E20068777716022812209DB8,2,1,247,-47,-4750,1760,1366686716075844,1366686716075844,1,1366690090049
E20068777716022812209DB8,2,1,195,-47,-4750,1772,1366686716084343,1366686716084343,1,1366690090049
E20068777716022812209DB8,3,1,52,-46,-4600,412,1366686716099096,1366686716099096,1,1366690090049
E20068777716022812209DB8,3,1,52,-46,-4600,412,1366686716110289,1366686716110289,1,1366690090049
E20068777716022812209DB8,1,1,468,-50,-5050,2288,1366686716124188,1366686716124188,1,1366690090049
E20068777716022812209DB8,1,1,364,-50,-5050,2304,1366686716136587,1366686716136587,1,1366690090070
E20068777716022812209DB8,2,1,195,-47,-4750,1780,1366686716151707,1366686716151707,1,1366690090070
E20068777716022812209DB8,2,1,273,-47,-4750,1752,1366686716161028,1366686716161028,1,1366690090071
E20068777716022812209DB8,3,1,52,-45,-4550,412,1366686716173420,1366686716173420,1,1366690090120
E20068777716022812209DB8,3,1,78,-45,-4550,408,1366686716185388,1366686716185388,1,1366690090120
E20068777716022812209DB8,1,1,416,-50,-5050,2296,1366686716199576,1366686716199576,1,1366690090120
E20068777716022812209DB8,1,1,390,-50,-5050,2296,1366686716204324,1366686716204324,1,1366690090120
E20068777716022812209DB8,2,1,338,-47,-4750,1752,1366686716220799,1366686716220799,1,1366690090120
E20068777716022812209DB8,2,1,273,-47,-4750,1752,1366686716228504,1366686716228504,1,1366690090120
E20068777716022812209DB8,3,1,78,-45,-4550,404,1366686716245186,1366686716245186,1,1366690090121
E20068777716022812209DB8,3,1,78,-45,-4550,408,1366686716254918,1366686716254918,1,1366690090121
E20068777716022812209DB8,1,1,416,-51,-5100,2292,1366686716266857,1366686716266857,1,1366690090219
E20068777716022812209DB8,1,1,416,-50,-5050,2288,1366686716278481,1366686716278481,1,1366690090219
E20068777716022812209DB8,2,1,416,-47,-4750,1748,1366686716293194,1366686716293194,1,1366690090220
E20068777716022812209DB8,2,1,247,-47,-4750,1760,1366686716303031,1366686716303031,1,1366690090220
E20068777716022812209DB8,3,1,78,-45,-4550,416,1366686716314786,1366686716314786,1,1366690090220
E20068777716022812209DB8,3,1,52,-45,-4550,400,1366686716323550,1366686716323550,1,1366690090221
E20068777716022812209DB8,1,1,468,-50,-5050,2288,1366686716340186,1366686716340186,1,1366690090221
E20068777716022812209DB8,1,1,755,-51,-5100,2248,1366686716349073,1366686716349073,1,1366690090221
E20068777716022812209DB8,2,1,169,-47,-4750,1776,1366686716362429,1366686716362429,1,1366690090221
E20068777716022812209DB8,2,1,247,-48,-4800,1772,1366686716371374,1366686716371374,1,1366690090239
E20068777716022812209DB8,3,1,117,-46,-4600,412,1366686716388319,1366686716388319,1,1366690090239
E20068777716022812209DB8,3,1,143,-46,-4600,408,1366686716395447,1366686716395447,1,1366690090239
E20068777716022812209DB8,1,1,416,-51,-5100,2296,1366686716408534,1366686716408534,1,1366690090351
E20068777716022812209DB8,1,1,364,-51,-5100,2304,1366686716419282,1366686716419282,1,1366690090351
E20068777716022812209DB8,2,1,273,-47,-4750,1752,1366686716435016,1366686716435016,1,1366690090351
E20068777716022812209DB8,2,1,364,-47,-4750,1748,1366686716439268,1366686716439268,1,1366690090352
E20068777716022812209DB8,3,1,117,-45,-4550,404,1366686716454825,1366686716454825,1,1366690090352
E20068777716022812209DB8,3,1,78,-45,-4550,416,1366686716466616,1366686716466616,1,1366690090352
E20068777716022812209DB8,1,1,390,-51,-5100,2296,1366686716481682,1366686716481682,1,1366690090352
E20068777716022812209DB8,1,1,494,-51,-5100,2284,1366686716490900,1366686716490900,1,1366690090352
E20068777716022812209DB8,2,1,273,-47,-4750,1756,1366686716502988,1366686716502988,1,1366690090352
E20068777716022812209DB8,2,1,195,-47,-4750,1772,1366686716510866,1366686716510866,1,1366690090352
E20068777716022812209DB8,3,1,78,-45,-4550,416,1366686716527197,1366686716527197,1,1366690090499
E20068777716022812209DB8,3,1,-143,-45,-4550,436,1366686716532718,1366686716532718,1,1366690090499
E20068777716022812209DB8,1,1,273,-51,-5100,2312,1366686716550263,1366686716550263,1,1366690090499
E20068777716022812209DB8,1,1,442,-50,-5050,2292,1366686716560226,1366686716560226,1,1366690090499
E20068777716022812209DB8,2,1,338,-47,-4750,1748,1366686716573314,1366686716573314,1,1366690090499
E20068777716022812209DB8,2,1,390,-47,-4750,1748,1366686716581530,1366686716581530,1,1366690090499
E20068777716022812209DB8,3,1,78,-46,-4600,412,1366686716599540,1366686716599540,1,1366690090500
E20068777716022812209DB8,3,1,143,-46,-4600,408,1366686716606491,1366686716606491,1,1366690090500
E20068777716022812209DB8,1,1,338,-51,-5100,2300,1366686716619358,1366686716619358,1,1366690090500
E20068777716022812209DB8,1,1,273,-50,-5050,2316,1366686716630804,1366686716630804,1,1366690090500
E20068777716022812209DB8,2,1,195,-47,-4750,1772,1366686716644289,1366686716644289,1,1366690090500
E20068777716022812209DB8,2,1,364,-47,-4750,1752,1366686716654373,1366686716654373,1,1366690090500
E20068777716022812209DB8,1,1,585,-50,-5050,2280,1366686716674633,1366686716674633,1,1366690090573
E20068777716022812209DB8,1,1,442,-50,-5050,2284,1366686716681950,1366686716681950,1,1366690090573
E20068777716022812209DB8,2,1,273,-47,-4750,1760,1366686716702014,1366686716702014,1,1366690090573
E20068777716022812209DB8,2,1,195,-47,-4750,1772,1366686716709931,1366686716709931,1,1366690090574
E20068777716022812209DB8,3,1,117,-45,-4550,416,1366686716722795,1366686716722795,1,1366690090574
E20068777716022812209DB8,3,1,78,-45,-4550,412,1366686716730565,1366686716730565,1,1366690090574
E20068777716022812209DB8,1,1,338,-50,-5050,2292,1366686716749004,1366686716749004,1,1366690090574
E20068777716022812209DB8,1,1,442,-51,-5100,2276,1366686716757959,1366686716757959,1,1366690090574
E20068777716022812209DB8,2,1,273,-47,-4750,1760,1366686716771265,1366686716771265,1,1366690090723
E20068777716022812209DB8,2,1,169,-47,-4750,1772,1366686716776951,1366686716776951,1,1366690090723
E20068777716022812209DB8,3,1,143,-46,-4600,404,1366686716793585,1366686716793585,1,1366690090723
E20068777716022812209DB8,3,1,143,-45,-4550,408,1366686716804868,1366686716804868,1,1366690090724
E20068777716022812209DB8,1,1,364,-50,-5050,2292,1366686716816192,1366686716816192,1,1366690090724
E20068777716022812209DB8,1,1,169,-51,-5100,2312,1366686716827530,1366686716827530,1,1366690090724
E20068777716022812209DB8,2,1,364,-47,-4750,1756,1366686716841318,1366686716841318,1,1366690090725
E20068777716022812209DB8,2,1,169,-47,-4750,1764,1366686716851602,1366686716851602,1,1366690090725
E20068777716022812209DB8,3,1,143,-46,-4600,412,1366686716867438,1366686716867438,1,1366690090726
E20068777716022812209DB8,3,1,143,-45,-4550,408,1366686716873735,1366686716873735,1,1366690090735
E20068777716022812209DB8,1,1,416,-50,-5050,2296,1366686716888611,1366686716888611,1,1366690090735
E20068777716022812209DB8,1,1,247,-51,-5100,2300,1366686716898728,1366686716898728,1,1366690090735
E20068777716022812209DB8,2,1,299,-47,-4750,1752,1366686716915687,1366686716915687,1,1366690090842
E20068777716022812209DB8,2,1,299,-47,-4750,1756,1366686716924584,1366686716924584,1,1366690090842
E20068777716022812209DB8,3,1,143,-45,-4550,408,1366686716940520,1366686716940520,1,1366690090843
E20068777716022812209DB8,3,1,143,-46,-4600,408,1366686716947652,1366686716947652,1,1366690090843
E20068777716022812209DB8,1,1,494,-50,-5050,2284,1366686716962675,1366686716962675,1,1366690090843
E20068777716022812209DB8,1,1,390,-51,-5100,2280,1366686716969659,1366686716969659,1,1366690090843
E20068777716022812209DB8,2,1,247,-47,-4750,1768,1366686716986875,1366686716986875,1,1366690090844
E20068777716022812209DB8,2,1,273,-47,-4750,1760,1366686716996054,1366686716996054,1,1366690090844
E20068777716022812209DB8,3,1,78,-46,-4600,416,1366686717010015,1366686717010015,1,1366690090844
E20068777716022812209DB8,3,1,78,-45,-4550,420,1366686717019750,1366686717019750,1,1366690090973
E20068777716022812209DB8,1,1,468,-50,-5050,2284,1366686717033514,1366686717033514,1,1366690090973
E20068777716022812209DB8,1,1,364,-50,-5050,2304,1366686717041015,1366686717041015,1,1366690090973
E20068777716022812209DB8,2,1,221,-47,-4750,1768,1366686717056257,1366686717056257,1,1366690090973
E20068777716022812209DB8,2,1,364,-47,-4750,1756,1366686717065348,1366686717065348,1,1366690090973
E20068777716022812209DB8,1,1,247,-50,-5050,2320,1366686717088055,1366686717088055,1,1366690090973
E20068777716022812209DB8,1,1,442,-50,-5050,2300,1366686717096084,1366686717096084,1,1366690090974
E20068777716022812209DB8,2,1,247,-47,-4750,1756,1366686717111296,1366686717111296,1,1366690090974
E20068777716022812209DB8,2,1,221,-47,-4750,1768,1366686717118503,1366686717118503,1,1366690090974
E20068777716022812209DB8,3,1,117,-45,-4550,412,1366686717133634,1366686717133634,1,1366690090976
E20068777716022812209DB8,3,1,52,-45,-4550,424,1366686717140389,1366686717140389,1,1366690090976
E20068777716022812209DB8,1,1,299,-51,-5100,2304,1366686717159259,1366686717159259,1,1366690090976
E20068777716022812209DB8,1,1,195,-50,-5050,2304,1366686717173198,1366686717173198,1,1366690091075
E20068777716022812209DB8,2,1,364,-47,-4750,1752,1366686717186116,1366686717186116,1,1366690091076
E20068777716022812209DB8,2,1,299,-47,-4750,1756,1366686717194429,1366686717194429,1,1366690091076
E20068777716022812209DB8,3,1,117,-45,-4550,412,1366686717210924,1366686717210924,1,1366690091076
E20068777716022812209DB8,3,1,117,-45,-4550,416,1366686717218068,1366686717218068,1,1366690091076
E20068777716022812209DB8,1,1,299,-51,-5100,2296,1366686717235167,1366686717235167,1,1366690091077
E20068777716022812209DB8,1,1,442,-51,-5100,2300,1366686717243143,1366686717243143,1,1366690091077
E20068777716022812209DB8,2,1,221,-47,-4750,1768,1366686717259323,1366686717259323,1,1366690091077
E20068777716022812209DB8,2,1,273,-47,-4750,1772,1366686717265122,1366686717265122,1,1366690091218
E20068777716022812209DB8,3,1,26,-46,-4600,416,1366686717280862,1366686717280862,1,1366690091218
E20068777716022812209DB8,3,1,143,-45,-4550,420,1366686717290575,1366686717290575,1,1366690091219
E20068777716022812209DB8,1,1,338,-50,-5050,2292,1366686717302988,1366686717302988,1,1366690091219
E20068777716022812209DB8,1,1,442,-50,-5050,2288,1366686717314368,1366686717314368,1,1366690091219
E20068777716022812209DB8,2,1,143,-47,-4750,1776,1366686717328784,1366686717328784,1,1366690091220
E20068777716022812209DB8,2,1,364,-47,-4750,1740,1366686717337091,1366686717337091,1,1366690091220
E20068777716022812209DB8,3,1,26,-45,-4550,408,1366686717351562,1366686717351562,1,1366690091220
E20068777716022812209DB8,3,1,26,-45,-4550,432,1366686717360726,1366686717360726,1,1366690091220
E20068777716022812209DB8,1,1,416,-51,-5100,2292,1366686717378635,1366686717378635,1,1366690091226
E20068777716022812209DB8,1,1,416,-51,-5100,2296,1366686717386666,1366686717386666,1,1366690091226
E20068777716022812209DB8,2,1,273,-47,-4750,1756,1366686717402923,1366686717402923,1,1366690091227
E20068777716022812209DB8,2,1,247,-47,-4750,1756,1366686717410520,1366686717410520,1,1366690091329
E20068777716022812209DB8,1,1,585,-50,-5050,2268,1366686717433009,1366686717433009,1,1366690091330
E20068777716022812209DB8,1,1,416,-51,-5100,2288,1366686717438972,1366686717438972,1,1366690091330
E20068777716022812209DB8,2,1,195,-47,-4750,1764,1366686717459130,1366686717459130,1,1366690091330
E20068777716022812209DB8,2,1,247,-47,-4750,1756,1366686717463861,1366686717463861,1,1366690091331
E20068777716022812209DB8,3,1,52,-45,-4550,420,1366686717477848,1366686717477848,1,1366690091331
E20068777716022812209DB8,3,1,221,-45,-4550,396,1366686717488308,1366686717488308,1,1366690091331
E20068777716022812209DB8,1,1,299,-50,-5050,2300,1366686717502892,1366686717502892,1,1366690091332
E20068777716022812209DB8,1,1,338,-51,-5100,2304,1366686717514575,1366686717514575,1,1366690091466
E20068777716022812209DB8,2,1,169,-47,-4750,1776,1366686717527936,1366686717527936,1,1366690091466
E20068777716022812209DB8,2,1,390,-48,-4800,1744,1366686717538637,1366686717538637,1,1366690091466
E20068777716022812209DB8,3,1,117,-45,-4550,420,1366686717551603,1366686717551603,1,1366690091467
E20068777716022812209DB8,3,1,52,-46,-4600,420,1366686717562133,1366686717562133,1,1366690091467
E20068777716022812209DB8,1,1,494,-50,-5050,2272,1366686717576983,1366686717576983,1,1366690091467
E20068777716022812209DB8,1,1,533,-50,-5050,2280,1366686717585334,1366686717585334,1,1366690091468
E20068777716022812209DB8,2,1,338,-47,-4750,1752,1366686717600787,1366686717600787,1,1366690091468
E20068777716022812209DB8,2,1,273,-47,-4750,1752,1366686717607688,1366686717607688,1,1366690091468
E20068777716022812209DB8,3,1,169,-45,-4550,400,1366686717626362,1366686717626362,1,1366690091475
E20068777716022812209DB8,3,1,78,-45,-4550,412,1366686717635805,1366686717635805,1,1366690091476
E20068777716022812209DB8,1,1,364,-50,-5050,2292,1366686717649367,1366686717649367,1,1366690091476
E20068777716022812209DB8,1,1,468,-50,-5050,2284,1366686717655651,1366686717655651,1,1366690091582
E20068777716022812209DB8,2,1,364,-47,-4750,1748,1366686717679387,1366686717679387,1,1366690091583
E20068777716022812209DB8,2,1,338,-47,-4750,1752,1366686717685820,1366686717685820,1,1366690091584
E20068777716022812209DB8,3,1,169,-45,-4550,404,1366686717701808,1366686717701808,1,1366690091584
E20068777716022812209DB8,3,1,52,-46,-4600,416,1366686717709815,1366686717709815,1,1366690091584
E20068777716022812209DB8,1,1,494,-50,-5050,2284,1366686717727562,1366686717727562,1,1366690091585
E20068777716022812209DB8,1,1,468,-50,-5050,2276,1366686717732602,1366686717732602,1,1366690091585
E20068777716022812209DB8,2,1,338,-47,-4750,1748,1366686717750748,1366686717750748,1,1366690091586
E20068777716022812209DB8,2,1,338,-47,-4750,1756,1366686717759989,1366686717759989,1,1366690091586
E20068777716022812209DB8,1,1,559,-50,-5050,2276,1366686717782457,1366686717782457,1,1366690091718
E20068777716022812209DB8,1,1,690,-51,-5100,2268,1366686717789002,1366686717789002,1,1366690091718
E20068777716022812209DB8,2,1,416,-47,-4750,1740,1366686717805731,1366686717805731,1,1366690091718
E20068777716022812209DB8,2,1,364,-47,-4750,1748,1366686717813859,1366686717813859,1,1366690091719
E20068777716022812209DB8,3,1,195,-46,-4600,412,1366686717828335,1366686717828335,1,1366690091719
E20068777716022812209DB8,3,1,143,-45,-4550,416,1366686717839586,1366686717839586,1,1366690091719
E20068777716022812209DB8,1,1,390,-50,-5050,2308,1366686717853584,1366686717853584,1,1366690091719
E20068777716022812209DB8,1,1,247,-51,-5100,2304,1366686717861731,1366686717861731,1,1366690091719
E20068777716022812209DB8,2,1,273,-47,-4750,1760,1366686717876005,1366686717876005,1,1366690091720
E20068777716022812209DB8,2,1,247,-47,-4750,1760,1366686717884837,1366686717884837,1,1366690091732
E20068777716022812209DB8,3,1,78,-46,-4600,420,1366686717899985,1366686717899985,1,1366690091732
E20068777716022812209DB8,3,1,169,-45,-4550,412,1366686717908447,1366686717908447,1,1366690091733
E20068777716022812209DB8,1,1,338,-51,-5100,2296,1366686717921709,1366686717921709,1,1366690091825
E20068777716022812209DB8,1,1,338,-51,-5100,2292,1366686717932542,1366686717932542,1,1366690091825
E20068777716022812209DB8,2,1,338,-47,-4750,1752,1366686717945868,1366686717945868,1,1366690091826
E20068777716022812209DB8,2,1,273,-47,-4750,1756,1366686717952573,1366686717952573,1,1366690091826
E20068777716022812209DB8,3,1,0,-46,-4600,420,1366686717970360,1366686717970360,1,1366690091826
E20068777716022812209DB8,3,1,26,-45,-4550,420,1366686717979471,1366686717979471,1,1366690091826
E20068777716022812209DB8,1,1,442,-51,-5100,2292,1366686717995188,1366686717995188,1,1366690091827
E20068777716022812209DB8,1,1,390,-50,-5050,2304,1366686718002130,1366686718002130,1,1366690091827
E20068777716022812209DB8,2,1,364,-47,-4750,1740,1366686718015953,1366686718015953,1,1366690091966
E20068777716022812209DB8,2,1,143,-47,-4750,1776,1366686718024705,1366686718024705,1,1366690091966
E20068777716022812209DB8,3,1,143,-45,-4550,412,1366686718038252,1366686718038252,1,1366690091967
E20068777716022812209DB8,3,1,143,-45,-4550,408,1366686718046038,1366686718046038,1,1366690091967
E20068777716022812209DB8,1,1,416,-50,-5050,2292,1366686718064815,1366686718064815,1,1366690091967
E20068777716022812209DB8,1,1,494,-50,-5050,2284,1366686718072072,1366686718072072,1,1366690091967
E20068777716022812209DB8,2,1,364,-47,-4750,1744,1366686718086035,1366686718086035,1,1366690091967
E20068777716022812209DB8,2,1,338,-47,-4750,1752,1366686718095961,1366686718095961,1,1366690091967
E20068777716022812209DB8,1,1,494,-50,-5050,2280,1366686718119099,1366686718119099,1,1366690091968
E20068777716022812209DB8,1,1,390,-51,-5100,2296,1366686718126285,1366686718126285,1,1366690091975
E20068777716022812209DB8,2,1,338,-47,-4750,1748,1366686718142116,1366686718142116,1,1366690091975
E20068777716022812209DB8,2,1,338,-47,-4750,1756,1366686718151829,1366686718151829,1,1366690091976
E20068777716022812209DB8,3,1,78,-46,-4600,416,1366686718166517,1366686718166517,1,1366690092084
E20068777716022812209DB8,3,1,143,-45,-4550,412,1366686718172676,1366686718172676,1,1366690092084
E20068777716022812209DB8,1,1,416,-50,-5050,2292,1366686718188542,1366686718188542,1,1366690092084
E20068777716022812209DB8,1,1,299,-50,-5050,2300,1366686718198847,1366686718198847,1,1366690092085
E20068777716022812209DB8,2,1,364,-47,-4750,1756,1366686718217477,1366686718217477,1,1366690092085
E20068777716022812209DB8,2,1,221,-48,-4800,1768,1366686718224827,1366686718224827,1,1366690092085
E20068777716022812209DB8,3,1,78,-46,-4600,416,1366686718239093,1366686718239093,1,1366690092085
E20068777716022812209DB8,3,1,117,-46,-4600,408,1366686718248917,1366686718248917,1,1366690092085
E20068777716022812209DB8,1,1,468,-51,-5100,2296,1366686718262598,1366686718262598,1,1366690092085
E20068777716022812209DB8,1,1,442,-51,-5100,2296,1366686718270139,1366686718270139,1,1366690092234
E20068777716022812209DB8,2,1,247,-47,-4750,1768,1366686718284174,1366686718284174,1,1366690092234
E20068777716022812209DB8,2,1,416,-47,-4750,1752,1366686718292272,1366686718292272,1,1366690092234
E20068777716022812209DB8,1,1,390,-51,-5100,2296,1366686718316616,1366686718316616,1,1366690092235
E20068777716022812209DB8,1,1,416,-51,-5100,2284,1366686718327397,1366686718327397,1,1366690092235
E20068777716022812209DB8,2,1,338,-47,-4750,1752,1366686718345853,1366686718345853,1,1366690092235
E20068777716022812209DB8,2,1,442,-47,-4750,1752,1366686718351596,1366686718351596,1,1366690092235
E20068777716022812209DB8,3,1,221,-45,-4550,408,1366686718369029,1366686718369029,1,1366690092235
E20068777716022812209DB8,3,1,143,-45,-4550,408,1366686718376840,1366686718376840,1,1366690092236
E20068777716022812209DB8,1,1,494,-51,-5100,2268,1366686718393198,1366686718393198,1,1366690092239
E20068777716022812209DB8,1,1,442,-50,-5050,2276,1366686718398865,1366686718398865,1,1366690092239
E20068777716022812209DB8,2,1,247,-47,-4750,1760,1366686718414653,1366686718414653,1,1366690092239
E20068777716022812209DB8,2,1,195,-47,-4750,1764,1366686718426359,1366686718426359,1,1366690092325
E20068777716022812209DB8,1,1,273,-50,-5050,2308,1366686718449849,1366686718449849,1,1366690092325
E20068777716022812209DB8,1,1,390,-50,-5050,2300,1366686718456266,1366686718456266,1,1366690092325
E20068777716022812209DB8,2,1,468,-47,-4750,1740,1366686718470230,1366686718470230,1,1366690092325
E20068777716022812209DB8,2,1,390,-47,-4750,1748,1366686718479868,1366686718479868,1,1366690092325
E20068777716022812209DB8,3,1,78,-45,-4550,416,1366686718494981,1366686718494981,1,1366690092325
E20068777716022812209DB8,3,1,0,-45,-4550,424,1366686718503201,1366686718503201,1,1366690092326
E20068777716022812209DB8,1,1,221,-50,-5050,2304,1366686718520670,1366686718520670,1,1366690092477
E20068777716022812209DB8,1,1,390,-50,-5050,2292,1366686718524948,1366686718524948,1,1366690092477
E20068777716022812209DB8,2,1,299,-47,-4750,1744,1366686718541635,1366686718541635,1,1366690092477
E20068777716022812209DB8,2,1,338,-47,-4750,1748,1366686718552360,1366686718552360,1,1366690092477
E20068777716022812209DB8,3,1,26,-46,-4600,420,1366686718567099,1366686718567099,1,1366690092477
E20068777716022812209DB8,3,1,117,-46,-4600,416,1366686718575951,1366686718575951,1,1366690092477
E20068777716022812209DB8,1,1,338,-50,-5050,2288,1366686718590355,1366686718590355,1,1366690092477
E20068777716022812209DB8,1,1,364,-51,-5100,2304,1366686718596402,1366686718596402,1,1366690092477
E20068777716022812209DB8,2,1,338,-47,-4750,1748,1366686718614838,1366686718614838,1,1366690092477
E20068777716022812209DB8,2,1,221,-47,-4750,1760,1366686718620473,1366686718620473,1,1366690092480
E20068777716022812209DB8,3,1,52,-46,-4600,416,1366686718635473,1366686718635473,1,1366690092480
E20068777716022812209DB8,3,1,247,-45,-4550,408,1366686718646740,1366686718646740,1,1366690092480
E20068777716022812209DB8,1,1,416,-51,-5100,2292,1366686718660610,1366686718660610,1,1366690092585
E20068777716022812209DB8,1,1,299,-51,-5100,2304,1366686718670305,1366686718670305,1,1366690092585
E20068777716022812209DB8,2,1,273,-47,-4750,1760,1366686718685620,1366686718685620,1,1366690092585
E20068777716022812209DB8,2,1,221,-47,-4750,1764,1366686718689943,1366686718689943,1,1366690092585
E20068777716022812209DB8,3,1,26,-46,-4600,416,1366686718709097,1366686718709097,1,1366690092586
E20068777716022812209DB8,3,1,78,-45,-4550,416,1366686718713601,1366686718713601,1,1366690092586
E20068777716022812209DB8,1,1,494,-51,-5100,2292,1366686718733783,1366686718733783,1,1366690092586
E20068777716022812209DB8,1,1,338,-51,-5100,2300,1366686718737678,1366686718737678,1,1366690092587
E20068777716022812209DB8,2,1,247,-47,-4750,1760,1366686718755326,1366686718755326,1,1366690092587
E20068777716022812209DB8,2,1,273,-47,-4750,1768,1366686718760673,1366686718760673,1,1366690092587
E20068777716022812209DB8,3,1,143,-46,-4600,408,1366686718779667,1366686718779667,1,1366690092738
E20068777716022812209DB8,3,1,143,-45,-4550,404,1366686718783618,1366686718783618,1,1366690092738
E20068777716022812209DB8,1,1,468,-51,-5100,2276,1366686718803115,1366686718803115,1,1366690092738
E20068777716022812209DB8,1,1,442,-51,-5100,2280,1366686718811621,1366686718811621,1,1366690092738
E20068777716022812209DB8,2,1,273,-47,-4750,1752,1366686718824232,1366686718824232,1,1366690092745
E20068777716022812209DB8,2,1,221,-47,-4750,1768,1366686718835310,1366686718835310,1,1366690092746
E20068777716022812209DB8,1,1,364,-50,-5050,2300,1366686718857100,1366686718857100,1,1366690092746
E20068777716022812209DB8,1,1,273,-51,-5100,2308,1366686718867751,1366686718867751,1,1366690092746
E20068777716022812209DB8,2,1,273,-47,-4750,1764,1366686718882069,1366686718882069,1,1366690092746
E20068777716022812209DB8,2,1,169,-47,-4750,1780,1366686718890969,1366686718890969,1,1366690092746
E20068777716022812209DB8,1,1,364,-51,-5100,2300,1366686718911321,1366686718911321,1,1366690092746
E20068777716022812209DB8,1,1,468,-51,-5100,2296,1366686718920201,1366686718920201,1,1366690092746
E20068777716022812209DB8,2,1,247,-47,-4750,1760,1366686718934834,1366686718934834,1,1366690092822
E20068777716022812209DB8,2,1,195,-47,-4750,1768,1366686718944851,1366686718944851,1,1366690092823
E20068777716022812209DB8,3,1,117,-45,-4550,420,1366686718958643,1366686718958643,1,1366690092823
E20068777716022812209DB8,3,1,117,-45,-4550,416,1366686718969329,1366686718969329,1,1366690092823
E20068777716022812209DB8,1,1,338,-50,-5050,2292,1366686718981566,1366686718981566,1,1366690092823
E20068777716022812209DB8,1,1,390,-50,-5050,2296,1366686718992252,1366686718992252,1,1366690092823
E20068777716022812209DB8,2,1,273,-47,-4750,1752,1366686719003837,1366686719003837,1,1366690092823
E20068777716022812209DB8,2,1,390,-47,-4750,1752,1366686719014086,1366686719014086,1,1366690092972
E20068777716022812209DB8,3,1,52,-45,-4550,416,1366686719031207,1366686719031207,1,1366690092972
E20068777716022812209DB8,3,1,169,-45,-4550,412,1366686719038516,1366686719038516,1,1366690092972
E20068777716022812209DB8,1,1,247,-50,-5050,2304,1366686719054024,1366686719054024,1,1366690092972
E20068777716022812209DB8,1,1,364,-50,-5050,2296,1366686719063422,1366686719063422,1,1366690092973
E20068777716022812209DB8,2,1,299,-47,-4750,1756,1366686719080523,1366686719080523,1,1366690092973
E20068777716022812209DB8,2,1,364,-47,-4750,1752,1366686719085898,1366686719085898,1,1366690092973
E20068777716022812209DB8,3,1,117,-46,-4600,416,1366686719104024,1366686719104024,1,1366690092973
E20068777716022812209DB8,3,1,-26,-45,-4550,412,1366686719109589,1366686719109589,1,1366690092973
E20068777716022812209DB8,1,1,416,-51,-5100,2284,1366686719130741,1366686719130741,1,1366690092984
E20068777716022812209DB8,1,1,299,-51,-5100,2304,1366686719138480,1366686719138480,1,1366690092984
E20068777716022812209DB8,2,1,364,-47,-4750,1748,1366686719150817,1366686719150817,1,1366690092985
E20068777716022812209DB8,2,1,299,-47,-4750,1760,1366686719159645,1366686719159645,1,1366690093084
E20068777716022812209DB8,3,1,26,-45,-4550,424,1366686719176924,1366686719176924,1,1366690093084
E20068777716022812209DB8,3,1,78,-45,-4550,424,1366686719183344,1366686719183344,1,1366690093084
E20068777716022812209DB8,1,1,468,-51,-5100,2276,1366686719198542,1366686719198542,1,1366690093084
E20068777716022812209DB8,1,1,390,-50,-5050,2292,1366686719208667,1366686719208667,1,1366690093084
E20068777716022812209DB8,2,1,442,-47,-4750,1740,1366686719223394,1366686719223394,1,1366690093085
E20068777716022812209DB8,2,1,247,-47,-4750,1760,1366686719232553,1366686719232553,1,1366690093085
E20068777716022812209DB8,3,1,-26,-45,-4550,436,1366686719247848,1366686719247848,1,1366690093085
E20068777716022812209DB8,3,1,26,-45,-4550,420,1366686719254373,1366686719254373,1,1366690093085
E20068777716022812209DB8,1,1,247,-50,-5050,2312,1366686719267400,1366686719267400,1,1366690093219
E20068777716022812209DB8,1,1,533,-51,-5100,2284,1366686719276187,1366686719276187,1,1366690093220
E20068777716022812209DB8,2,1,117,-47,-4750,1780,1366686719292274,1366686719292274,1,1366690093220
E20068777716022812209DB8,2,1,247,-47,-4750,1764,1366686719301175,1366686719301175,1,1366690093223
E20068777716022812209DB8,1,1,364,-51,-5100,2304,1366686719325521,1366686719325521,1,1366690093223
E20068777716022812209DB8,1,1,416,-50,-5050,2284,1366686719330601,1366686719330601,1,1366690093223
E20068777716022812209DB8,2,1,273,-47,-4750,1768,1366686719349930,1366686719349930,1,1366690093223
E20068777716022812209DB8,2,1,195,-47,-4750,1772,1366686719358588,1366686719358588,1,1366690093223
E20068777716022812209DB8,3,1,0,-45,-4550,424,1366686719375262,1366686719375262,1,1366690093224
E20068777716022812209DB8,3,1,78,-45,-4550,416,1366686719383079,1366686719383079,1,1366690093226
E20068777716022812209DB8,1,1,273,-51,-5100,2296,1366686719397998,1366686719397998,1,1366690093226
E20068777716022812209DB8,1,1,273,-51,-5100,2308,1366686719402004,1366686719402004,1,1366690093227
E20068777716022812209DB8,2,1,299,-47,-4750,1760,1366686719420191,1366686719420191,1,1366690093328
E20068777716022812209DB8,2,1,299,-47,-4750,1756,1366686719429920,1366686719429920,1,1366690093328
E20068777716022812209DB8,3,1,78,-46,-4600,416,1366686719443670,1366686719443670,1,1366690093329
E20068777716022812209DB8,3,1,143,-45,-4550,412,1366686719452361,1366686719452361,1,1366690093329
E20068777716022812209DB8,1,1,390,-50,-5050,2292,1366686719469258,1366686719469258,1,1366690093329
E20068777716022812209DB8,1,1,338,-51,-5100,2308,1366686719474275,1366686719474275,1,1366690093330
E20068777716022812209DB8,2,1,390,-47,-4750,1744,1366686719491992,1366686719491992,1,1366690093330
E20068777716022812209DB8,2,1,299,-47,-4750,1756,1366686719496811,1366686719496811,1,1366690093330
E20068777716022812209DB8,1,1,781,-51,-5100,2252,1366686719522765,1366686719522765,1,1366690093486
E20068777716022812209DB8,1,1,494,-51,-5100,2284,1366686719538801,1366686719538801,1,1366690093486
E20068777716022812209DB8,2,1,247,-47,-4750,1764,1366686719550321,1366686719550321,1,1366690093486
E20068777716022812209DB8,2,1,169,-47,-4750,1776,1366686719571421,1366686719571421,1,1366690093486
E20068777716022812209DB8,3,1,52,-45,-4550,424,1366686719585446,1366686719585446,1,1366690093487
E20068777716022812209DB8,3,1,52,-46,-4600,408,1366686719595362,1366686719595362,1,1366690093487
E20068777716022812209DB8,1,1,442,-51,-5100,2296,1366686719606754,1366686719606754,1,1366690093487
E20068777716022812209DB8,1,1,442,-51,-5100,2292,1366686719619024,1366686719619024,1,1366690093488
E20068777716022812209DB8,2,1,195,-47,-4750,1768,1366686719636826,1366686719636826,1,1366690093488
E20068777716022812209DB8,2,1,338,-47,-4750,1752,1366686719645364,1366686719645364,1,1366690093495
E20068777716022812209DB8,3,1,143,-45,-4550,416,1366686719662087,1366686719662087,1,1366690093495
E20068777716022812209DB8,3,1,117,-46,-4600,412,1366686719669772,1366686719669772,1,1366690093495
E20068777716022812209DB8,1,1,494,-50,-5050,2268,1366686719685825,1366686719685825,1,1366690093574
E20068777716022812209DB8,1,1,533,-51,-5100,2280,1366686719690591,1366686719690591,1,1366690093575
E20068777716022812209DB8,2,1,338,-47,-4750,1756,1366686719707376,1366686719707376,1,1366690093575
E20068777716022812209DB8,2,1,338,-47,-4750,1756,1366686719715980,1366686719715980,1,1366690093575
E20068777716022812209DB8,3,1,78,-45,-4550,420,1366686719730166,1366686719730166,1,1366690093576
E20068777716022812209DB8,3,1,52,-45,-4550,420,1366686719739258,1366686719739258,1,1366690093576
E20068777716022812209DB8,1,1,494,-51,-5100,2292,1366686719754516,1366686719754516,1,1366690093576
E20068777716022812209DB8,1,1,364,-50,-5050,2304,1366686719762921,1366686719762921,1,1366690093712
E20068777716022812209DB8,2,1,221,-47,-4750,1764,1366686719777090,1366686719777090,1,1366690093712
E20068777716022812209DB8,2,1,169,-47,-4750,1772,1366686719787621,1366686719787621,1,1366690093712
E20068777716022812209DB8,3,1,143,-46,-4600,404,1366686719803721,1366686719803721,1,1366690093713
E20068777716022812209DB8,3,1,143,-45,-4550,416,1366686719812499,1366686719812499,1,1366690093713
E20068777716022812209DB8,1,1,364,-51,-5100,2304,1366686719825526,1366686719825526,1,1366690093713
E20068777716022812209DB8,1,1,416,-50,-5050,2288,1366686719832269,1366686719832269,1,1366690093713
E20068777716022812209DB8,2,1,299,-47,-4750,1756,1366686719850318,1366686719850318,1,1366690093713
E20068777716022812209DB8,2,1,299,-47,-4750,1768,1366686719858975,1366686719858975,1,1366690093714
E20068777716022812209DB8,3,1,143,-46,-4600,416,1366686719874914,1366686719874914,1,1366690093719
E20068777716022812209DB8,3,1,26,-45,-4550,420,1366686719882937,1366686719882937,1,1366690093719
E20068777716022812209DB8,1,1,338,-51,-5100,2304,1366686719898019,1366686719898019,1,1366690093719
E20068777716022812209DB8,1,1,247,-51,-5100,2316,1366686719902712,1366686719902712,1,1366690093826
E20068777716022812209DB8,2,1,143,-47,-4750,1780,1366686719917997,1366686719917997,1,1366690093827
E20068777716022812209DB8,2,1,299,-48,-4800,1760,1366686719927424,1366686719927424,1,1366690093827
E20068777716022812209DB8,3,1,117,-45,-4550,416,1366686719942537,1366686719942537,1,1366690093827
E20068777716022812209DB8,3,1,26,-45,-4550,424,1366686719953036,1366686719953036,1,1366690093827
E20068777716022812209DB8,1,1,299,-51,-5100,2328,1366686719965152,1366686719965152,1,1366690093827
E20068777716022812209DB8,1,1,585,-51,-5100,2292,1366686719976674,1366686719976674,1,1366690093828
E20068777716022812209DB8,2,1,221,-47,-4750,1780,1366686719991044,1366686719991044,1,1366690093828
E20068777716022812209DB8,2,1,299,-47,-4750,1760,1366686720000050,1366686720000050,1,1366690093828
E20068777716022812209DB8,3,1,143,-45,-4550,412,1366686720016940,1366686720016940,1,1366690093972
E20068777716022812209DB8,3,1,52,-46,-4600,424,1366686720022784,1366686720022784,1,1366690093972
E20068777716022812209DB8,1,1,273,-51,-5100,2324,1366686720036469,1366686720036469,1,1366690093972
E20068777716022812209DB8,1,1,416,-51,-5100,2312,1366686720045885,1366686720045885,1,1366690093973
E20068777716022812209DB8,2,1,299,-47,-4750,1764,1366686720063041,1366686720063041,1,1366690093973
E20068777716022812209DB8,2,1,338,-47,-4750,1764,1366686720069499,1366686720069499,1,1366690093973
E20068777716022812209DB8,1,1,364,-51,-5100,2312,1366686720091467,1366686720091467,1,1366690093974
E20068777716022812209DB8,1,1,442,-50,-5050,2300,1366686720102537,1366686720102537,1,1366690093974
E20068777716022812209DB8,2,1,169,-47,-4750,1784,1366686720118311,1366686720118311,1,1366690093974
E20068777716022812209DB8,2,1,390,-47,-4750,1772,1366686720122771,1366686720122771,1,1366690093979
E20068777716022812209DB8,1,1,390,-51,-5100,2304,1366686720148641,1366686720148641,1,1366690093979
E20068777716022812209DB8,1,1,442,-51,-5100,2296,1366686720156423,1366686720156423,1,1366690093980
E20068777716022812209DB8,2,1,364,-47,-4750,1768,1366686720172979,1366686720172979,1,1366690094074
E20068777716022812209DB8,2,1,247,-47,-4750,1772,1366686720179630,1366686720179630,1,1366690094074
E20068777716022812209DB8,3,1,26,-46,-4600,420,1366686720192396,1366686720192396,1,1366690094075
E20068777716022812209DB8,3,1,-52,-45,-4550,436,1366686720204873,1366686720204873,1,1366690094075
E20068777716022812209DB8,1,1,533,-50,-5050,2272,1366686720218004,1366686720218004,1,1366690094075
E20068777716022812209DB8,1,1,299,-51,-5100,2312,1366686720226238,1366686720226238,1,1366690094075
E20068777716022812209DB8,2,1,273,-47,-4750,1768,1366686720242928,1366686720242928,1,1366690094076
E20068777716022812209DB8,2,1,338,-47,-4750,1768,1366686720247243,1366686720247243,1,1366690094076
E20068777716022812209DB8,3,1,143,-46,-4600,408,1366686720266945,1366686720266945,1,1366690094206
E20068777716022812209DB8,3,1,52,-45,-4550,424,1366686720271210,1366686720271210,1,1366690094206
E20068777716022812209DB8,1,1,416,-50,-5050,2304,1366686720286749,1366686720286749,1,1366690094207
E20068777716022812209DB8,1,1,390,-50,-5050,2304,1366686720294399,1366686720294399,1,1366690094207
E20068777716022812209DB8,2,1,364,-47,-4750,1760,1366686720311487,1366686720311487,1,1366690094207
E20068777716022812209DB8,2,1,299,-47,-4750,1764,1366686720323349,1366686720323349,1,1366690094207
E20068777716022812209DB8,3,1,143,-46,-4600,412,1366686720336171,1366686720336171,1,1366690094207
E20068777716022812209DB8,3,1,169,-46,-4600,424,1366686720347628,1366686720347628,1,1366690094208
E20068777716022812209DB8,1,1,442,-50,-5050,2308,1366686720364421,1366686720364421,1,1366690094208
E20068777716022812209DB8,1,1,390,-51,-5100,2304,1366686720368944,1366686720368944,1,1366690094213
E20068777716022812209DB8,2,1,221,-47,-4750,1780,1366686720385735,1366686720385735,1,1366690094213
E20068777716022812209DB8,2,1,390,-47,-4750,1752,1366686720394019,1366686720394019,1,1366690094213
E20068777716022812209DB8,1,1,533,-51,-5100,2292,1366686720415941,1366686720415941,1,1366690094318
E20068777716022812209DB8,1,1,299,-51,-5100,2308,1366686720427071,1366686720427071,1,1366690094318
E20068777716022812209DB8,2,1,364,-47,-4750,1756,1366686720441216,1366686720441216,1,1366690094318
E20068777716022812209DB8,2,1,273,-47,-4750,1760,1366686720450411,1366686720450411,1,1366690094318
E20068777716022812209DB8,3,1,78,-46,-4600,424,1366686720465301,1366686720465301,1,1366690094318
E20068777716022812209DB8,3,1,-26,-45,-4550,440,1366686720474200,1366686720474200,1,1366690094319
E20068777716022812209DB8,1,1,273,-51,-5100,2324,1366686720490334,1366686720490334,1,1366690094319
E20068777716022812209DB8,1,1,364,-50,-5050,2320,1366686720499074,1366686720499074,1,1366690094319
E20068777716022812209DB8,2,1,299,-47,-4750,1764,1366686720511205,1366686720511205,1,1366690094319
E20068777716022812209DB8,2,1,221,-47,-4750,1776,1366686720521661,1366686720521661,1,1366690094469
E20068777716022812209DB8,3,1,26,-45,-4550,424,1366686720537069,1366686720537069,1,1366690094469
E20068777716022812209DB8,3,1,195,-45,-4550,416,1366686720547064,1366686720547064,1,1366690094469
E20068777716022812209DB8,1,1,338,-50,-5050,2320,1366686720561389,1366686720561389,1,1366690094470
E20068777716022812209DB8,1,1,585,-51,-5100,2296,1366686720568539,1366686720568539,1,1366690094470
E20068777716022812209DB8,2,1,247,-47,-4750,1772,1366686720584225,1366686720584225,1,1366690094470
E20068777716022812209DB8,2,1,416,-47,-4750,1764,1366686720591795,1366686720591795,1,1366690094471
E20068777716022812209DB8,3,1,52,-45,-4550,424,1366686720608490,1366686720608490,1,1366690094471
E20068777716022812209DB8,3,1,117,-46,-4600,412,1366686720614569,1366686720614569,1,1366690094471
E20068777716022812209DB8,1,1,468,-51,-5100,2300,1366686720629366,1366686720629366,1,1366690094478
E20068777716022812209DB8,1,1,390,-51,-5100,2320,1366686720639517,1366686720639517,1,1366690094478
E20068777716022812209DB8,2,1,338,-47,-4750,1764,1366686720651072,1366686720651072,1,1366690094478
E20068777716022812209DB8,2,1,364,-47,-4750,1760,1366686720664274,1366686720664274,1,1366690094576
E20068777716022812209DB8,1,1,247,-51,-5100,2324,1366686720685868,1366686720685868,1,1366690094577
E20068777716022812209DB8,1,1,299,-51,-5100,2312,1366686720695054,1366686720695054,1,1366690094577
E20068777716022812209DB8,2,1,273,-47,-4750,1776,1366686720709493,1366686720709493,1,1366690094578
E20068777716022812209DB8,2,1,247,-47,-4750,1764,1366686720714063,1366686720714063,1,1366690094578
E20068777716022812209DB8,3,1,52,-46,-4600,424,1366686720734206,1366686720734206,1,1366690094578
E20068777716022812209DB8,3,1,117,-46,-4600,416,1366686720739609,1366686720739609,1,1366690094578
E20068777716022812209DB8,1,1,364,-51,-5100,2304,1366686720756123,1366686720756123,1,1366690094578
E20068777716022812209DB8,1,1,559,-51,-5100,2292,1366686720764194,1366686720764194,1,1366690094726
E20068777716022812209DB8,2,1,364,-47,-4750,1756,1366686720778726,1366686720778726,1,1366690094727
E20068777716022812209DB8,2,1,299,-47,-4750,1764,1366686720783884,1366686720783884,1,1366690094727
E20068777716022812209DB8,1,1,559,-50,-5050,2284,1366686720813642,1366686720813642,1,1366690094727
E20068777716022812209DB8,1,1,338,-51,-5100,2312,1366686720820573,1366686720820573,1,1366690094727
E20068777716022812209DB8,2,1,416,-47,-4750,1748,1366686720836865,1366686720836865,1,1366690094727
E20068777716022812209DB8,2,1,338,-47,-4750,1776,1366686720842971,1366686720842971,1,1366690094727
E20068777716022812209DB8,3,1,78,-46,-4600,424,1366686720862611,1366686720862611,1,1366690094728
E20068777716022812209DB8,3,1,78,-46,-4600,416,1366686720871129,1366686720871129,1,1366690094728
E20068777716022812209DB8,1,1,390,-50,-5050,2300,1366686720886454,1366686720886454,1,1366690094736
E20068777716022812209DB8,1,1,299,-50,-5050,2328,1366686720897112,1366686720897112,1,1366690094737
E20068777716022812209DB8,2,1,442,-47,-4750,1752,1366686720911196,1366686720911196,1,1366690094737
E20068777716022812209DB8,2,1,299,-47,-4750,1768,1366686720919276,1366686720919276,1,1366690094825
E20068777716022812209DB8,3,1,-52,-45,-4550,440,1366686720934413,1366686720934413,1,1366690094825
E20068777716022812209DB8,3,1,0,-45,-4550,424,1366686720942252,1366686720942252,1,1366690094826
E20068777716022812209DB8,1,1,390,-51,-5100,2308,1366686720958077,1366686720958077,1,1366690094826
E20068777716022812209DB8,1,1,494,-50,-5050,2312,1366686720965517,1366686720965517,1,1366690094826
E20068777716022812209DB8,2,1,247,-47,-4750,1772,1366686720982563,1366686720982563,1,1366690094827
E20068777716022812209DB8,2,1,273,-47,-4750,1768,1366686720989480,1366686720989480,1,1366690094827
E20068777716022812209DB8,1,1,468,-50,-5050,2300,1366686721014813,1366686721014813,1,1366690094955
E20068777716022812209DB8,1,1,273,-51,-5100,2312,1366686721020524,1366686721020524,1,1366690094955
E20068777716022812209DB8,2,1,364,-47,-4750,1748,1366686721040953,1366686721040953,1,1366690094955
E20068777716022812209DB8,2,1,338,-47,-4750,1752,1366686721047921,1366686721047921,1,1366690094956
E20068777716022812209DB8,3,1,169,-45,-4550,420,1366686721063913,1366686721063913,1,1366690094956
E20068777716022812209DB8,3,1,26,-45,-4550,424,1366686721068542,1366686721068542,1,1366690094956
E20068777716022812209DB8,1,1,533,-50,-5050,2280,1366686721088448,1366686721088448,1,1366690094956
E20068777716022812209DB8,1,1,468,-51,-5100,2284,1366686721092907,1366686721092907,1,1366690094956
E20068777716022812209DB8,2,1,78,-47,-4750,1796,1366686721111646,1366686721111646,1,1366690094957
E20068777716022812209DB8,2,1,195,-47,-4750,1776,1366686721119302,1366686721119302,1,1366690094961
E20068777716022812209DB8,3,1,169,-45,-4550,412,1366686721135671,1366686721135671,1,1366690094962
E20068777716022812209DB8,3,1,169,-45,-4550,404,1366686721143140,1366686721143140,1,1366690094962
E20068777716022812209DB8,1,1,533,-50,-5050,2284,1366686721157887,1366686721157887,1,1366690095081
E20068777716022812209DB8,1,1,390,-50,-5050,2304,1366686721163037,1366686721163037,1,1366690095081
E20068777716022812209DB8,2,1,299,-47,-4750,1752,1366686721181580,1366686721181580,1,1366690095081
E20068777716022812209DB8,2,1,338,-47,-4750,1756,1366686721191804,1366686721191804,1,1366690095082
E20068777716022812209DB8,3,1,117,-46,-4600,424,1366686721206245,1366686721206245,1,1366690095082
E20068777716022812209DB8,3,1,-52,-46,-4600,436,1366686721213921,1366686721213921,1,1366690095082
E20068777716022812209DB8,1,1,390,-51,-5100,2284,1366686721228243,1366686721228243,1,1366690095083
E20068777716022812209DB8,1,1,273,-50,-5050,2312,1366686721237021,1366686721237021,1,1366690095083
E20068777716022812209DB8,2,1,247,-47,-4750,1768,1366686721251220,1366686721251220,1,1366690095083
E20068777716022812209DB8,2,1,390,-47,-4750,1756,1366686721262504,1366686721262504,1,1366690095084
E20068777716022812209DB8,3,1,117,-45,-4550,408,1366686721277250,1366686721277250,1,1366690095239
E20068777716022812209DB8,3,1,143,-45,-4550,416,1366686721284235,1366686721284235,1,1366690095239
E20068777716022812209DB8,1,1,364,-50,-5050,2312,1366686721297683,1366686721297683,1,1366690095239
E20068777716022812209DB8,1,1,338,-51,-5100,2304,1366686721305212,1366686721305212,1,1366690095239
E20068777716022812209DB8,2,1,338,-47,-4750,1764,1366686721323849,1366686721323849,1,1366690095240
E20068777716022812209DB8,2,1,364,-47,-4750,1752,1366686721331460,1366686721331460,1,1366690095240
E20068777716022812209DB8,1,1,364,-50,-5050,2300,1366686721355863,1366686721355863,1,1366690095240
E20068777716022812209DB8,1,1,364,-51,-5100,2300,1366686721362637,1366686721362637,1,1366690095240
E20068777716022812209DB8,2,1,247,-47,-4750,1768,1366686721381487,1366686721381487,1,1366690095240
E20068777716022812209DB8,2,1,247,-47,-4750,1772,1366686721387650,1366686721387650,1,1366690095240
E20068777716022812209DB8,3,1,117,-46,-4600,420,1366686721400952,1366686721400952,1,1366690095240
E20068777716022812209DB8,3,1,52,-46,-4600,416,1366686721412763,1366686721412763,1,1366690095240
E20068777716022812209DB8,1,1,468,-51,-5100,2296,1366686721426300,1366686721426300,1,1366690095326
E20068777716022812209DB8,1,1,494,-50,-5050,2288,1366686721434322,1366686721434322,1,1366690095326
E20068777716022812209DB8,2,1,273,-47,-4750,1768,1366686721447991,1366686721447991,1,1366690095326
E20068777716022812209DB8,2,1,416,-47,-4750,1744,1366686721456027,1366686721456027,1,1366690095326
E20068777716022812209DB8,3,1,143,-45,-4550,420,1366686721480019,1366686721480019,1,1366690095327
E20068777716022812209DB8,3,1,52,-46,-4600,420,1366686721488071,1366686721488071,1,1366690095327
E20068777716022812209DB8,1,1,299,-51,-5100,2316,1366686721505326,1366686721505326,1,1366690095327
E20068777716022812209DB8,1,1,416,-50,-5050,2292,1366686721514765,1366686721514765,1,1366690095327
E20068777716022812209DB8,2,1,442,-47,-4750,1748,1366686721525380,1366686721525380,1,1366690095469
E20068777716022812209DB8,2,1,338,-48,-4800,1752,1366686721535054,1366686721535054,1,1366690095469
E20068777716022812209DB8,3,1,78,-45,-4550,428,1366686721551261,1366686721551261,1,1366690095469
E20068777716022812209DB8,3,1,117,-45,-4550,404,1366686721556851,1366686721556851,1,1366690095469
E20068777716022812209DB8,1,1,390,-51,-5100,2296,1366686721576416,1366686721576416,1,1366690095470
E20068777716022812209DB8,1,1,416,-50,-5050,2304,1366686721580595,1366686721580595,1,1366690095470
E20068777716022812209DB8,2,1,247,-47,-4750,1768,1366686721596930,1366686721596930,1,1366690095470
E20068777716022812209DB8,2,1,299,-47,-4750,1768,1366686721608128,1366686721608128,1,1366690095470
E20068777716022812209DB8,3,1,195,-45,-4550,412,1366686721622567,1366686721622567,1,1366690095471
E20068777716022812209DB8,3,1,78,-45,-4550,420,1366686721629103,1366686721629103,1,1366690095477
E20068777716022812209DB8,1,1,299,-50,-5050,2308,1366686721642099,1366686721642099,1,1366690095477
E20068777716022812209DB8,1,1,273,-51,-5100,2316,1366686721650589,1366686721650589,1,1366690095477
E20068777716022812209DB8,2,1,299,-47,-4750,1760,1366686721667251,1366686721667251,1,1366690095579
E20068777716022812209DB8,2,1,273,-47,-4750,1768,1366686721676389,1366686721676389,1,1366690095579
E20068777716022812209DB8,3,1,169,-45,-4550,420,1366686721693073,1366686721693073,1,1366690095580
E20068777716022812209DB8,3,1,117,-46,-4600,416,1366686721700868,1366686721700868,1,1366690095580
E20068777716022812209DB8,1,1,338,-51,-5100,2312,1366686721714888,1366686721714888,1,1366690095580
E20068777716022812209DB8,1,1,468,-50,-5050,2304,1366686721723289,1366686721723289,1,1366690095580
E20068777716022812209DB8,2,1,299,-47,-4750,1760,1366686721739909,1366686721739909,1,1366690095581
E20068777716022812209DB8,2,1,338,-47,-4750,1760,1366686721747139,1366686721747139,1,1366690095581
E20068777716022812209DB8,3,1,78,-45,-4550,416,1366686721764439,1366686721764439,1,1366690095581
E20068777716022812209DB8,3,1,0,-46,-4600,420,1366686721769659,1366686721769659,1,1366690095714
E20068777716022812209DB8,1,1,338,-51,-5100,2304,1366686721782832,1366686721782832,1,1366690095714
E20068777716022812209DB8,1,1,390,-50,-5050,2312,1366686721795146,1366686721795146,1,1366690095714
E20068777716022812209DB8,2,1,247,-47,-4750,1776,1366686721811058,1366686721811058,1,1366690095714
E20068777716022812209DB8,2,1,221,-47,-4750,1772,1366686721817610,1366686721817610,1,1366690095714
E20068777716022812209DB8,3,1,26,-46,-4600,420,1366686721831116,1366686721831116,1,1366690095715
E20068777716022812209DB8,3,1,52,-45,-4550,424,1366686721838580,1366686721838580,1,1366690095715
E20068777716022812209DB8,1,1,559,-51,-5100,2288,1366686721856010,1366686721856010,1,1366690095715
E20068777716022812209DB8,1,1,390,-51,-5100,2312,1366686721864045,1366686721864045,1,1366690095715
E20068777716022812209DB8,2,1,338,-47,-4750,1760,1366686721880159,1366686721880159,1,1366690095718
E20068777716022812209DB8,2,1,364,-47,-4750,1744,1366686721887535,1366686721887535,1,1366690095718
E20068777716022812209DB8,3,1,117,-45,-4550,420,1366686721900083,1366686721900083,1,1366690095718
E20068777716022812209DB8,3,1,52,-46,-4600,420,1366686721908392,1366686721908392,1,1366690095830
E20068777716022812209DB8,1,1,494,-50,-5050,2292,1366686721927045,1366686721927045,1,1366690095830
E20068777716022812209DB8,1,1,338,-51,-5100,2308,1366686721935314,1366686721935314,1,1366690095830
E20068777716022812209DB8,2,1,390,-47,-4750,1748,1366686721947433,1366686721947433,1,1366690095830
E20068777716022812209DB8,2,1,442,-47,-4750,1760,1366686721957550,1366686721957550,1,1366690095831
E20068777716022812209DB8,3,1,143,-46,-4600,412,1366686721973742,1366686721973742,1,1366690095831
E20068777716022812209DB8,3,1,78,-46,-4600,416,1366686721978838,1366686721978838,1,1366690095831
E20068777716022812209DB8,1,1,442,-50,-5050,2312,1366686721997183,1366686721997183,1,1366690095831
E20068777716022812209DB8,1,1,442,-51,-5100,2300,1366686722005790,1366686722005790,1,1366690095832
E20068777716022812209DB8,2,1,364,-47,-4750,1764,1366686722020624,1366686722020624,1,1366690095973
E20068777716022812209DB8,2,1,364,-47,-4750,1760,1366686722029626,1366686722029626,1,1366690095973
E20068777716022812209DB8,3,1,169,-45,-4550,412,1366686722044980,1366686722044980,1,1366690095973
E20068777716022812209DB8,3,1,26,-46,-4600,428,1366686722053343,1366686722053343,1,1366690095974
E20068777716022812209DB8,1,1,221,-51,-5100,2320,1366686722068599,1366686722068599,1,1366690095974
E20068777716022812209DB8,1,1,247,-50,-5050,2316,1366686722072852,1366686722072852,1,1366690095974
E20068777716022812209DB8,2,1,390,-47,-4750,1756,1366686722090686,1366686722090686,1,1366690095975
E20068777716022812209DB8,2,1,273,-47,-4750,1772,1366686722099757,1366686722099757,1,1366690095975
E20068777716022812209DB8,1,1,416,-50,-5050,2308,1366686722119328,1366686722119328,1,1366690095975
E20068777716022812209DB8,1,1,494,-51,-5100,2304,1366686722128134,1366686722128134,1,1366690095981
E20068777716022812209DB8,2,1,273,-47,-4750,1768,1366686722145031,1366686722145031,1,1366690095982
E20068777716022812209DB8,2,1,364,-47,-4750,1764,1366686722154965,1366686722154965,1,1366690095982
E20068777716022812209DB8,3,1,169,-45,-4550,416,1366686722172884,1366686722172884,1,1366690096076
E20068777716022812209DB8,3,1,52,-45,-4550,420,1366686722178695,1366686722178695,1,1366690096076
E20068777716022812209DB8,1,1,364,-51,-5100,2308,1366686722194797,1366686722194797,1,1366690096076
E20068777716022812209DB8,1,1,299,-50,-5050,2320,1366686722201529,1366686722201529,1,1366690096077
E20068777716022812209DB8,2,1,364,-47,-4750,1756,1366686722219222,1366686722219222,1,1366690096077
E20068777716022812209DB8,2,1,247,-47,-4750,1776,1366686722224452,1366686722224452,1,1366690096077
E20068777716022812209DB8,3,1,117,-46,-4600,420,1366686722240015,1366686722240015,1,1366690096077
E20068777716022812209DB8,3,1,117,-45,-4550,420,1366686722249990,1366686722249990,1,1366690096077
E20068777716022812209DB8,1,1,559,-51,-5100,2300,1366686722266526,1366686722266526,1,1366690096219
E20068777716022812209DB8,1,1,364,-50,-5050,2304,1366686722271599,1366686722271599,1,1366690096220
E20068777716022812209DB8,2,1,299,-47,-4750,1760,1366686722287975,1366686722287975,1,1366690096220
E20068777716022812209DB8,2,1,416,-47,-4750,1756,1366686722296960,1366686722296960,1,1366690096220
E20068777716022812209DB8,1,1,390,-50,-5050,2312,1366686722318752,1366686722318752,1,1366690096221
E20068777716022812209DB8,1,1,247,-51,-5100,2312,1366686722329973,1366686722329973,1,1366690096221
E20068777716022812209DB8,2,1,338,-47,-4750,1764,1366686722345059,1366686722345059,1,1366690096221
E20068777716022812209DB8,2,1,364,-47,-4750,1760,1366686722356198,1366686722356198,1,1366690096221
E20068777716022812209DB8,3,1,52,-45,-4550,416,1366686722367493,1366686722367493,1,1366690096222
E20068777716022812209DB8,3,1,78,-46,-4600,416,1366686722377981,1366686722377981,1,1366690096227
E20068777716022812209DB8,1,1,416,-51,-5100,2304,1366686722390100,1366686722390100,1,1366690096227
E20068777716022812209DB8,1,1,390,-50,-5050,2312,1366686722399773,1366686722399773,1,1366690096227
E20068777716022812209DB8,2,1,247,-47,-4750,1780,1366686722415760,1366686722415760,1,1366690096328
E20068777716022812209DB8,2,1,299,-47,-4750,1768,1366686722424727,1366686722424727,1,1366690096328
E20068777716022812209DB8,3,1,143,-46,-4600,412,1366686722438846,1366686722438846,1,1366690096329
E20068777716022812209DB8,3,1,143,-46,-4600,412,1366686722445274,1366686722445274,1,1366690096329
E20068777716022812209DB8,1,1,299,-50,-5050,2324,1366686722464152,1366686722464152,1,1366690096329
E20068777716022812209DB8,1,1,442,-51,-5100,2300,1366686722472673,1366686722472673,1,1366690096329
E20068777716022812209DB8,2,1,273,-47,-4750,1764,1366686722483937,1366686722483937,1,1366690096329
E20068777716022812209DB8,2,1,416,-47,-4750,1752,1366686722493593,1366686722493593,1,1366690096330
E20068777716022812209DB8,3,1,143,-46,-4600,412,1366686722509767,1366686722509767,1,1366690096330
E20068777716022812209DB8,3,1,52,-46,-4600,420,1366686722519773,1366686722519773,1,1366690096462
E20068777716022812209DB8,1,1,442,-51,-5100,2300,1366686722534171,1366686722534171,1,1366690096462
E20068777716022812209DB8,1,1,273,-50,-5050,2320,1366686722539364,1366686722539364,1,1366690096462
E20068777716022812209DB8,2,1,416,-47,-4750,1760,1366686722554561,1366686722554561,1,1366690096463
E20068777716022812209DB8,2,1,390,-47,-4750,1752,1366686722566301,1366686722566301,1,1366690096463
E20068777716022812209DB8,3,1,78,-45,-4550,420,1366686722580137,1366686722580137,1,1366690096463
E20068777716022812209DB8,3,1,26,-46,-4600,424,1366686722587649,1366686722587649,1,1366690096463
E20068777716022812209DB8,1,1,442,-51,-5150,2308,1366686722602275,1366686722602275,1,1366690096463
E20068777716022812209DB8,1,1,221,-51,-5100,2316,1366686722610741,1366686722610741,1,1366690096464
E20068777716022812209DB8,2,1,273,-47,-4750,1772,1366686722627566,1366686722627566,1,1366690096468
E20068777716022812209DB8,2,1,390,-47,-4750,1756,1366686722635318,1366686722635318,1,1366690096469
E20068777716022812209DB8,3,1,-78,-45,-4550,444,1366686722651167,1366686722651167,1,1366690096469
E20068777716022812209DB8,3,1,0,-46,-4600,440,1366686722658138,1366686722658138,1,1366690096578
E20068777716022812209DB8,1,1,533,-50,-5050,2292,1366686722672965,1366686722672965,1,1366690096578
E20068777716022812209DB8,1,1,338,-50,-5050,2308,1366686722685433,1366686722685433,1,1366690096579
E20068777716022812209DB8,2,1,247,-47,-4750,1768,1366686722697133,1366686722697133,1,1366690096579
E20068777716022812209DB8,2,1,364,-47,-4750,1764,1366686722706953,1366686722706953,1,1366690096579
E20068777716022812209DB8,3,1,143,-45,-4550,424,1366686722724162,1366686722724162,1,1366690096579
E20068777716022812209DB8,3,1,169,-45,-4550,416,1366686722730139,1366686722730139,1,1366690096579
E20068777716022812209DB8,1,1,442,-51,-5100,2308,1366686722744769,1366686722744769,1,1366690096580
E20068777716022812209DB8,1,1,468,-50,-5050,2308,1366686722753379,1366686722753379,1,1366690096580
E20068777716022812209DB8,2,1,390,-47,-4750,1764,1366686722771501,1366686722771501,1,1366690096711
E20068777716022812209DB8,2,1,273,-47,-4750,1772,1366686722775514,1366686722775514,1,1366690096711
E20068777716022812209DB8,3,1,26,-46,-4600,424,1366686722794689,1366686722794689,1,1366690096711
E20068777716022812209DB8,3,1,117,-46,-4600,420,1366686722804046,1366686722804046,1,1366690096712
E20068777716022812209DB8,1,1,247,-50,-5050,2332,1366686722815807,1366686722815807,1,1366690096712
E20068777716022812209DB8,1,1,442,-50,-5050,2300,1366686722827405,1366686722827405,1,1366690096713
E20068777716022812209DB8,2,1,247,-47,-4750,1772,1366686722839555,1366686722839555,1,1366690096713
E20068777716022812209DB8,2,1,299,-47,-4750,1768,1366686722849805,1366686722849805,1,1366690096714
E20068777716022812209DB8,3,1,52,-45,-4550,428,1366686722863758,1366686722863758,1,1366690096714
E20068777716022812209DB8,3,1,169,-46,-4600,416,1366686722872460,1366686722872460,1,1366690096720
E20068777716022812209DB8,1,1,468,-51,-5100,2308,1366686722887441,1366686722887441,1,1366690096721
E20068777716022812209DB8,1,1,611,-50,-5050,2280,1366686722894371,1366686722894371,1,1366690096722
E20068777716022812209DB8,2,1,364,-47,-4750,1760,1366686722908101,1366686722908101,1,1366690096831
E20068777716022812209DB8,2,1,273,-47,-4750,1776,1366686722916339,1366686722916339,1,1366690096831
E20068777716022812209DB8,3,1,-52,-46,-4600,424,1366686722934321,1366686722934321,1,1366690096831
E20068777716022812209DB8,3,1,221,-45,-4550,400,1366686722940444,1366686722940444,1,1366690096831
E20068777716022812209DB8,1,1,338,-51,-5100,2312,1366686722958954,1366686722958954,1,1366690096831
E20068777716022812209DB8,1,1,442,-51,-5100,2308,1366686722965079,1366686722965079,1,1366690096831
E20068777716022812209DB8,2,1,247,-47,-4750,1768,1366686722981492,1366686722981492,1,1366690096831
E20068777716022812209DB8,2,1,299,-47,-4750,1756,1366686722986612,1366686722986612,1,1366690096832
E20068777716022812209DB8,3,1,-117,-45,-4550,448,1366686723005163,1366686723005163,1,1366690096832
E20068777716022812209DB8,3,1,117,-45,-4550,416,1366686723011414,1366686723011414,1,1366690096832
E20068777716022812209DB8,1,1,390,-51,-5100,2300,1366686723024826,1366686723024826,1,1366690096973
E20068777716022812209DB8,1,1,364,-50,-5050,2308,1366686723034100,1366686723034100,1,1366690096973
E20068777716022812209DB8,2,1,390,-47,-4750,1756,1366686723050411,1366686723050411,1,1366690096973
E20068777716022812209DB8,2,1,247,-47,-4750,1772,1366686723060757,1366686723060757,1,1366690096973
E20068777716022812209DB8,3,1,0,-45,-4550,428,1366686723074843,1366686723074843,1,1366690096974
E20068777716022812209DB8,3,1,-26,-46,-4600,432,1366686723083580,1366686723083580,1,1366690096974
E20068777716022812209DB8,1,1,494,-51,-5100,2296,1366686723098271,1366686723098271,1,1366690096974
E20068777716022812209DB8,1,1,442,-51,-5150,2304,1366686723103346,1366686723103346,1,1366690096975
E20068777716022812209DB8,2,1,338,-47,-4750,1756,1366686723121409,1366686723121409,1,1366690096975
E20068777716022812209DB8,2,1,338,-47,-4750,1760,1366686723131000,1366686723131000,1,1366690096975
E20068777716022812209DB8,3,1,195,-46,-4600,412,1366686723142368,1366686723142368,1,1366690096975
E20068777716022812209DB8,3,1,169,-46,-4600,420,1366686723152228,1366686723152228,1,1366690096975
E20068777716022812209DB8,1,1,416,-51,-5100,2300,1366686723169891,1366686723169891,1,1366690097071
E20068777716022812209DB8,1,1,299,-51,-5100,2300,1366686723174156,1366686723174156,1,1366690097071
E20068777716022812209DB8,2,1,221,-47,-4750,1772,1366686723190893,1366686723190893,1,1366690097071
E20068777716022812209DB8,2,1,338,-47,-4750,1756,1366686723200802,1366686723200802,1,1366690097072
E20068777716022812209DB8,3,1,52,-45,-4550,436,1366686723213335,1366686723213335,1,1366690097072
E20068777716022812209DB8,3,1,117,-45,-4550,416,1366686723224023,1366686723224023,1,1366690097072
E20068777716022812209DB8,1,1,416,-51,-5100,2312,1366686723237187,1366686723237187,1,1366690097072
E20068777716022812209DB8,1,1,442,-51,-5100,2292,1366686723246333,1366686723246333,1,1366690097072
E20068777716022812209DB8,2,1,221,-47,-4750,1768,1366686723262257,1366686723262257,1,1366690097211
E20068777716022812209DB8,2,1,221,-47,-4750,1772,1366686723274532,1366686723274532,1,1366690097211
E20068777716022812209DB8,3,1,52,-45,-4550,420,1366686723288740,1366686723288740,1,1366690097211
E20068777716022812209DB8,3,1,143,-45,-4550,412,1366686723295883,1366686723295883,1,1366690097212
E20068777716022812209DB8,1,1,442,-50,-5050,2292,1366686723309815,1366686723309815,1,1366690097212
E20068777716022812209DB8,1,1,390,-51,-5100,2300,1366686723320018,1366686723320018,1,1366690097212
E20068777716022812209DB8,2,1,221,-47,-4750,1768,1366686723335447,1366686723335447,1,1366690097212
E20068777716022812209DB8,2,1,364,-47,-4750,1756,1366686723344553,1366686723344553,1,1366690097213
E20068777716022812209DB8,3,1,52,-46,-4600,420,1366686723358574,1366686723358574,1,1366690097213
E20068777716022812209DB8,3,1,52,-45,-4550,412,1366686723373682,1366686723373682,1,1366690097217
E20068777716022812209DB8,1,1,299,-51,-5100,2300,1366686723389290,1366686723389290,1,1366690097217
E20068777716022812209DB8,1,1,468,-51,-5100,2280,1366686723397365,1366686723397365,1,1366690097218
E20068777716022812209DB8,2,1,442,-47,-4750,1748,1366686723412914,1366686723412914,1,1366690097328
E20068777716022812209DB8,2,1,221,-47,-4750,1768,1366686723420580,1366686723420580,1,1366690097328
E20068777716022812209DB8,3,1,169,-45,-4550,412,1366686723439116,1366686723439116,1,1366690097328
E20068777716022812209DB8,3,1,117,-45,-4550,416,1366686723445530,1366686723445530,1,1366690097329
E20068777716022812209DB8,1,1,416,-51,-5100,2292,1366686723466150,1366686723466150,1,1366690097329
E20068777716022812209DB8,1,1,559,-51,-5100,2280,1366686723473674,1366686723473674,1,1366690097329
E20068777716022812209DB8,2,1,273,-47,-4750,1764,1366686723486270,1366686723486270,1,1366690097329
E20068777716022812209DB8,2,1,221,-47,-4750,1764,1366686723498209,1366686723498209,1,1366690097329
E20068777716022812209DB8,3,1,169,-45,-4550,412,1366686723513103,1366686723513103,1,1366690097330
E20068777716022812209DB8,3,1,78,-46,-4600,416,1366686723520862,1366686723520862,1,1366690097463
E20068777716022812209DB8,1,1,442,-50,-5050,2296,1366686723535315,1366686723535315,1,1366690097463
E20068777716022812209DB8,1,1,273,-50,-5050,2308,1366686723545060,1366686723545060,1,1366690097463
E20068777716022812209DB8,2,1,221,-47,-4750,1756,1366686723559810,1366686723559810,1,1366690097463
E20068777716022812209DB8,2,1,442,-47,-4750,1736,1366686723568675,1366686723568675,1,1366690097463
E20068777716022812209DB8,3,1,143,-45,-4550,416,1366686723584221,1366686723584221,1,1366690097463
E20068777716022812209DB8,3,1,117,-45,-4550,416,1366686723592849,1366686723592849,1,1366690097464
E20068777716022812209DB8,1,1,468,-50,-5050,2284,1366686723605903,1366686723605903,1,1366690097464
E20068777716022812209DB8,1,1,494,-50,-5050,2288,1366686723615739,1366686723615739,1,1366690097464
E20068777716022812209DB8,2,1,338,-47,-4750,1748,1366686723632290,1366686723632290,1,1366690097468
E20068777716022812209DB8,2,1,299,-47,-4750,1760,1366686723639592,1366686723639592,1,1366690097468
E20068777716022812209DB8,3,1,52,-45,-4550,424,1366686723657573,1366686723657573,1,1366690097468
E20068777716022812209DB8,3,1,78,-46,-4600,424,1366686723666684,1366686723666684,1,1366690097569
E20068777716022812209DB8,1,1,494,-50,-5050,2268,1366686723681009,1366686723681009,1,1366690097569
E20068777716022812209DB8,1,1,442,-51,-5100,2296,1366686723690786,1366686723690786,1,1366690097569
E20068777716022812209DB8,2,1,364,-47,-4750,1756,1366686723701571,1366686723701571,1,1366690097569
E20068777716022812209DB8,2,1,247,-47,-4750,1768,1366686723709891,1366686723709891,1,1366690097569
E20068777716022812209DB8,3,1,78,-46,-4600,424,1366686723729062,1366686723729062,1,1366690097569
E20068777716022812209DB8,3,1,78,-46,-4600,416,1366686723736214,1366686723736214,1,1366690097569
E20068777716022812209DB8,1,1,390,-50,-5050,2292,1366686723751448,1366686723751448,1,1366690097569
E20068777716022812209DB8,1,1,364,-50,-5050,2300,1366686723758975,1366686723758975,1,1366690097570
E20068777716022812209DB8,2,1,364,-47,-4750,1752,1366686723773075,1366686723773075,1,1366690097715
E20068777716022812209DB8,2,1,390,-47,-4750,1752,1366686723780091,1366686723780091,1,1366690097715
E20068777716022812209DB8,3,1,117,-46,-4600,420,1366686723796646,1366686723796646,1,1366690097715
E20068777716022812209DB8,3,1,78,-46,-4600,428,1366686723808011,1366686723808011,1,1366690097716
E20068777716022812209DB8,1,1,533,-51,-5100,2292,1366686723820712,1366686723820712,1,1366690097716
E20068777716022812209DB8,1,1,390,-50,-5050,2296,1366686723831663,1366686723831663,1,1366690097716
E20068777716022812209DB8,2,1,364,-47,-4750,1752,1366686723843752,1366686723843752,1,1366690097717
E20068777716022812209DB8,2,1,299,-47,-4750,1764,1366686723855291,1366686723855291,1,1366690097717
E20068777716022812209DB8,3,1,52,-46,-4600,424,1366686723870622,1366686723870622,1,1366690097717
E20068777716022812209DB8,3,1,117,-45,-4550,420,1366686723876117,1366686723876117,1,1366690097724
E20068777716022812209DB8,1,1,442,-51,-5100,2288,1366686723892691,1366686723892691,1,1366690097724
E20068777716022812209DB8,1,1,416,-51,-5100,2300,1366686723901896,1366686723901896,1,1366690097724
E20068777716022812209DB8,2,1,299,-47,-4750,1760,1366686723918613,1366686723918613,1,1366690097824
E20068777716022812209DB8,2,1,273,-47,-4750,1764,1366686723924703,1366686723924703,1,1366690097824
E20068777716022812209DB8,3,1,169,-45,-4550,408,1366686723939964,1366686723939964,1,1366690097824
E20068777716022812209DB8,3,1,0,-45,-4550,412,1366686723948733,1366686723948733,1,1366690097824
E20068777716022812209DB8,1,1,338,-50,-5050,2292,1366686723961864,1366686723961864,1,1366690097824
E20068777716022812209DB8,1,1,442,-50,-5050,2288,1366686723970125,1366686723970125,1,1366690097824
E20068777716022812209DB8,2,1,299,-47,-4750,1756,1366686723986977,1366686723986977,1,1366690097825
E20068777716022812209DB8,2,1,299,-47,-4750,1764,1366686723993448,1366686723993448,1,1366690097825
E20068777716022812209DB8,3,1,52,-46,-4600,412,1366686724010612,1366686724010612,1,1366690097825
E20068777716022812209DB8,3,1,117,-45,-4550,424,1366686724017073,1366686724017073,1,1366690097966
E20068777716022812209DB8,1,1,416,-51,-5100,2296,1366686724033643,1366686724033643,1,1366690097967
E20068777716022812209DB8,1,1,299,-50,-5050,2296,1366686724039227,1366686724039227,1,1366690097967
E20068777716022812209DB8,2,1,416,-47,-4750,1748,1366686724058577,1366686724058577,1,1366690097967
E20068777716022812209DB8,2,1,390,-47,-4750,1764,1366686724065063,1366686724065063,1,1366690097967
E20068777716022812209DB8,3,1,247,-46,-4600,408,1366686724078624,1366686724078624,1,1366690097968
E20068777716022812209DB8,3,1,78,-46,-4600,420,1366686724089959,1366686724089959,1,1366690097968
E20068777716022812209DB8,1,1,273,-50,-5050,2312,1366686724104443,1366686724104443,1,1366690097968
E20068777716022812209DB8,1,1,247,-50,-5050,2308,1366686724111206,1366686724111206,1,1366690097968
E20068777716022812209DB8,2,1,299,-47,-4750,1768,1366686724131046,1366686724131046,1,1366690097973
E20068777716022812209DB8,2,1,273,-47,-4750,1760,1366686724137132,1366686724137132,1,1366690097973
E20068777716022812209DB8,3,1,-117,-45,-4550,444,1366686724151626,1366686724151626,1,1366690097974
E20068777716022812209DB8,3,1,78,-45,-4550,424,1366686724162962,1366686724162962,1,1366690098078
E20068777716022812209DB8,1,1,364,-50,-5050,2300,1366686724178695,1366686724178695,1,1366690098078
E20068777716022812209DB8,1,1,611,-50,-5050,2276,1366686724187565,1366686724187565,1,1366690098079
E20068777716022812209DB8,2,1,390,-47,-4750,1744,1366686724200230,1366686724200230,1,1366690098079
E20068777716022812209DB8,2,1,364,-47,-4750,1760,1366686724205722,1366686724205722,1,1366690098079
E20068777716022812209DB8,3,1,78,-46,-4600,424,1366686724223025,1366686724223025,1,1366690098079
E20068777716022812209DB8,3,1,247,-45,-4550,404,1366686724233868,1366686724233868,1,1366690098080
E20068777716022812209DB8,1,1,390,-51,-5100,2288,1366686724247385,1366686724247385,1,1366690098080
E20068777716022812209DB8,1,1,416,-51,-5100,2292,1366686724256676,1366686724256676,1,1366690098081
E20068777716022812209DB8,2,1,468,-47,-4750,1748,1366686724269311,1366686724269311,1,1366690098207
E20068777716022812209DB8,2,1,273,-47,-4750,1764,1366686724278294,1366686724278294,1,1366690098208
E20068777716022812209DB8,3,1,78,-45,-4550,420,1366686724294428,1366686724294428,1,1366690098209
E20068777716022812209DB8,3,1,78,-46,-4600,412,1366686724299096,1366686724299096,1,1366690098209
E20068777716022812209DB8,1,1,416,-51,-5100,2300,1366686724314489,1366686724314489,1,1366690098209
E20068777716022812209DB8,1,1,338,-50,-5050,2308,1366686724325994,1366686724325994,1,1366690098210
E20068777716022812209DB8,2,1,247,-47,-4750,1772,1366686724340742,1366686724340742,1,1366690098210
E20068777716022812209DB8,2,1,299,-47,-4750,1756,1366686724348667,1366686724348667,1,1366690098211
E20068777716022812209DB8,3,1,0,-45,-4550,432,1366686724363220,1366686724363220,1,1366690098211
E20068777716022812209DB8,3,1,117,-45,-4550,412,1366686724373546,1366686724373546,1,1366690098216
E20068777716022812209DB8,1,1,169,-51,-5100,2336,1366686724387889,1366686724387889,1,1366690098216
E20068777716022812209DB8,1,1,273,-51,-5100,2312,1366686724397622,1366686724397622,1,1366690098216
E20068777716022812209DB8,2,1,416,-47,-4750,1752,1366686724408214,1366686724408214,1,1366690098325
E20068777716022812209DB8,2,1,273,-47,-4750,1760,1366686724417648,1366686724417648,1,1366690098325
E20068777716022812209DB8,3,1,117,-45,-4550,420,1366686724435667,1366686724435667,1,1366690098325
E20068777716022812209DB8,3,1,195,-45,-4550,416,1366686724441613,1366686724441613,1,1366690098326
E20068777716022812209DB8,1,1,416,-50,-5050,2300,1366686724458412,1366686724458412,1,1366690098326
E20068777716022812209DB8,1,1,416,-50,-5050,2296,1366686724466618,1366686724466618,1,1366690098326
E20068777716022812209DB8,2,1,390,-47,-4750,1756,1366686724481702,1366686724481702,1,1366690098326
E20068777716022812209DB8,2,1,273,-47,-4750,1764,1366686724489213,1366686724489213,1,1366690098326
E20068777716022812209DB8,3,1,78,-46,-4600,416,1366686724504616,1366686724504616,1,1366690098327
E20068777716022812209DB8,3,1,-117,-45,-4550,448,1366686724513975,1366686724513975,1,1366690098327
E20068777716022812209DB8,1,1,442,-51,-5100,2292,1366686724527116,1366686724527116,1,1366690098486
E20068777716022812209DB8,1,1,468,-51,-5100,2300,1366686724533759,1366686724533759,1,1366690098486
E20068777716022812209DB8,2,1,299,-47,-4750,1768,1366686724551771,1366686724551771,1,1366690098487
E20068777716022812209DB8,2,1,364,-47,-4750,1756,1366686724560715,1366686724560715,1,1366690098487
E20068777716022812209DB8,1,1,533,-50,-5050,2296,1366686724585761,1366686724585761,1,1366690098487
E20068777716022812209DB8,1,1,468,-51,-5100,2292,1366686724594456,1366686724594456,1,1366690098488
E20068777716022812209DB8,2,1,338,-47,-4750,1760,1366686724610957,1366686724610957,1,1366690098488
E20068777716022812209DB8,2,1,390,-47,-4750,1760,1366686724617820,1366686724617820,1,1366690098488
E20068777716022812209DB8,3,1,195,-45,-4550,404,1366686724632906,1366686724632906,1,1366690098489
E20068777716022812209DB8,3,1,169,-46,-4600,404,1366686724642585,1366686724642585,1,1366690098489
E20068777716022812209DB8,1,1,664,-51,-5100,2268,1366686724654985,1366686724654985,1,1366690098489
E20068777716022812209DB8,1,1,338,-51,-5100,2300,1366686724664526,1366686724664526,1,1366690098490
E20068777716022812209DB8,2,1,299,-47,-4750,1760,1366686724681707,1366686724681707,1,1366690098570
E20068777716022812209DB8,2,1,364,-47,-4750,1756,1366686724689101,1366686724689101,1,1366690098570
E20068777716022812209DB8,1,1,442,-50,-5050,2292,1366686724715034,1366686724715034,1,1366690098571
E20068777716022812209DB8,1,1,442,-51,-5100,2288,1366686724720563,1366686724720563,1,1366690098571
E20068777716022812209DB8,2,1,364,-47,-4750,1756,1366686724735774,1366686724735774,1,1366690098571
E20068777716022812209DB8,2,1,247,-47,-4750,1764,1366686724746584,1366686724746584,1,1366690098571
E20068777716022812209DB8,1,1,416,-50,-5050,2296,1366686724770753,1366686724770753,1,1366690098712
E20068777716022812209DB8,1,1,442,-51,-5100,2288,1366686724774858,1366686724774858,1,1366690098712
E20068777716022812209DB8,2,1,247,-47,-4750,1756,1366686724793595,1366686724793595,1,1366690098712
E20068777716022812209DB8,2,1,221,-47,-4750,1772,1366686724803812,1366686724803812,1,1366690098712
E20068777716022812209DB8,3,1,52,-46,-4600,416,1366686724820025,1366686724820025,1,1366690098713
E20068777716022812209DB8,3,1,78,-46,-4600,420,1366686724827445,1366686724827445,1,1366690098713
E20068777716022812209DB8,1,1,390,-51,-5100,2292,1366686724841895,1366686724841895,1,1366690098713
E20068777716022812209DB8,1,1,585,-51,-5100,2276,1366686724847832,1366686724847832,1,1366690098714
E20068777716022812209DB8,2,1,247,-47,-4750,1760,1366686724862632,1366686724862632,1,1366690098714
E20068777716022812209DB8,2,1,338,-47,-4750,1760,1366686724874113,1366686724874113,1,1366690098718
E20068777716022812209DB8,3,1,195,-46,-4600,408,1366686724890136,1366686724890136,1,1366690098718
E20068777716022812209DB8,3,1,78,-46,-4600,412,1366686724897785,1366686724897785,1,1366690098718
E20068777716022812209DB8,1,1,195,-51,-5100,2312,1366686724911784,1366686724911784,1,1366690098837
E20068777716022812209DB8,1,1,442,-51,-5100,2276,1366686724923460,1366686724923460,1,1366690098837
E20068777716022812209DB8,2,1,299,-47,-4750,1760,1366686724939063,1366686724939063,1,1366690098837
E20068777716022812209DB8,2,1,195,-47,-4750,1776,1366686724943282,1366686724943282,1,1366690098837
E20068777716022812209DB8,3,1,-78,-45,-4550,436,1366686724960925,1366686724960925,1,1366690098838
E20068777716022812209DB8,3,1,169,-46,-4600,412,1366686724969348,1366686724969348,1,1366690098838
E20068777716022812209DB8,1,1,299,-51,-5100,2304,1366686724983179,1366686724983179,1,1366690098838
E20068777716022812209DB8,1,1,494,-50,-5050,2284,1366686724993702,1366686724993702,1,1366690098838
E20068777716022812209DB8,2,1,273,-47,-4750,1760,1366686725006718,1366686725006718,1,1366690098838
E20068777716022812209DB8,2,1,338,-47,-4750,1756,1366686725014189,1366686725014189,1,1366690098963
E20068777716022812209DB8,3,1,-117,-45,-4550,440,1366686725032607,1366686725032607,1,1366690098963
E20068777716022812209DB8,3,1,169,-45,-4550,416,1366686725040282,1366686725040282,1,1366690098963
E20068777716022812209DB8,1,1,559,-50,-5050,2276,1366686725055027,1366686725055027,1,1366690098963
E20068777716022812209DB8,1,1,247,-50,-5050,2312,1366686725063327,1366686725063327,1,1366690098964
E20068777716022812209DB8,2,1,416,-47,-4750,1744,1366686725078295,1366686725078295,1,1366690098964
E20068777716022812209DB8,2,1,338,-47,-4750,1756,1366686725083641,1366686725083641,1,1366690098964
E20068777716022812209DB8,3,1,117,-46,-4600,416,1366686725102403,1366686725102403,1,1366690098964
E20068777716022812209DB8,3,1,78,-45,-4550,420,1366686725107487,1366686725107487,1,1366690098964
E20068777716022812209DB8,1,1,468,-51,-5100,2288,1366686725125096,1366686725125096,1,1366690098969
E20068777716022812209DB8,1,1,390,-51,-5100,2304,1366686725138198,1366686725138198,1,1366690098970
E20068777716022812209DB8,2,1,364,-47,-4750,1752,1366686725153786,1366686725153786,1,1366690098970
E20068777716022812209DB8,2,1,273,-47,-4750,1764,1366686725161250,1366686725161250,1,1366690099075
E20068777716022812209DB8,3,1,26,-45,-4550,420,1366686725176670,1366686725176670,1,1366690099075
E20068777716022812209DB8,3,1,-78,-45,-4550,436,1366686725183586,1366686725183586,1,1366690099075
E20068777716022812209DB8,1,1,390,-50,-5050,2296,1366686725199772,1366686725199772,1,1366690099075
E20068777716022812209DB8,1,1,390,-51,-5100,2296,1366686725208923,1366686725208923,1,1366690099076
E20068777716022812209DB8,2,1,338,-47,-4750,1756,1366686725222553,1366686725222553,1,1366690099076
E20068777716022812209DB8,2,1,299,-47,-4750,1768,1366686725228765,1366686725228765,1,1366690099076
E20068777716022812209DB8,3,1,78,-45,-4550,416,1366686725247481,1366686725247481,1,1366690099076
E20068777716022812209DB8,3,1,78,-45,-4550,420,1366686725257482,1366686725257482,1,1366690099076
E20068777716022812209DB8,1,1,494,-51,-5100,2296,1366686725279335,1366686725279335,1,1366690099225
E20068777716022812209DB8,1,1,299,-51,-5100,2316,1366686725290167,1366686725290167,1,1366690099225
E20068777716022812209DB8,2,1,442,-47,-4750,1752,1366686725303393,1366686725303393,1,1366690099227
E20068777716022812209DB8,2,1,273,-47,-4750,1768,1366686725313339,1366686725313339,1,1366690099228
E20068777716022812209DB8,3,1,117,-45,-4550,412,1366686725330502,1366686725330502,1,1366690099228
E20068777716022812209DB8,3,1,78,-46,-4600,408,1366686725337701,1366686725337701,1,1366690099228
E20068777716022812209DB8,1,1,390,-50,-5050,2304,1366686725353323,1366686725353323,1,1366690099229
E20068777716022812209DB8,1,1,299,-51,-5100,2312,1366686725360509,1366686725360509,1,1366690099229
E20068777716022812209DB8,2,1,299,-47,-4750,1756,1366686725375296,1366686725375296,1,1366690099230
E20068777716022812209DB8,2,1,299,-47,-4750,1760,1366686725389674,1366686725389674,1,1366690099235
E20068777716022812209DB8,3,1,169,-45,-4550,404,1366686725402488,1366686725402488,1,1366690099235
E20068777716022812209DB8,3,1,143,-45,-4550,424,1366686725411823,1366686725411823,1,1366690099235
E20068777716022812209DB8,1,1,468,-51,-5100,2288,1366686725423488,1366686725423488,1,1366690099323
E20068777716022812209DB8,1,1,221,-51,-5100,2308,1366686725432639,1366686725432639,1,1366690099323
E20068777716022812209DB8,2,1,338,-47,-4750,1760,1366686725450320,1366686725450320,1,1366690099324
E20068777716022812209DB8,2,1,169,-47,-4750,1776,1366686725458119,1366686725458119,1,1366690099324
E20068777716022812209DB8,1,1,494,-50,-5050,2288,1366686725480114,1366686725480114,1,1366690099324
E20068777716022812209DB8,1,1,364,-51,-5100,2304,1366686725490075,1366686725490075,1,1366690099324
E20068777716022812209DB8,2,1,247,-48,-4800,1760,1366686725503215,1366686725503215,1,1366690099324
E20068777716022812209DB8,2,1,338,-47,-4750,1752,1366686725514261,1366686725514261,1,1366690099325
E20068777716022812209DB8,3,1,117,-45,-4550,416,1366686725528980,1366686725528980,1,1366690099465
E20068777716022812209DB8,3,1,143,-45,-4550,408,1366686725535907,1366686725535907,1,1366690099465
E20068777716022812209DB8,1,1,299,-50,-5050,2320,1366686725553194,1366686725553194,1,1366690099465
E20068777716022812209DB8,1,1,390,-50,-5050,2308,1366686725562099,1366686725562099,1,1366690099465
E20068777716022812209DB8,2,1,273,-47,-4750,1768,1366686725576661,1366686725576661,1,1366690099466
E20068777716022812209DB8,2,1,299,-47,-4750,1756,1366686725583786,1366686725583786,1,1366690099466
E20068777716022812209DB8,3,1,52,-45,-4550,424,1366686725600075,1366686725600075,1,1366690099466
E20068777716022812209DB8,3,1,117,-46,-4600,416,1366686725608091,1366686725608091,1,1366690099466
E20068777716022812209DB8,1,1,390,-51,-5100,2288,1366686725623208,1366686725623208,1,1366690099467
E20068777716022812209DB8,1,1,390,-51,-5100,2300,1366686725627810,1366686725627810,1,1366690099471
E20068777716022812209DB8,2,1,299,-47,-4750,1760,1366686725644866,1366686725644866,1,1366690099472
E20068777716022812209DB8,2,1,299,-47,-4750,1760,1366686725651118,1366686725651118,1,1366690099472
E20068777716022812209DB8,3,1,26,-45,-4550,420,1366686725667491,1366686725667491,1,1366690099575
E20068777716022812209DB8,3,1,78,-46,-4600,420,1366686725677238,1366686725677238,1,1366690099576
E20068777716022812209DB8,1,1,299,-50,-5050,2312,1366686725693502,1366686725693502,1,1366690099576
E20068777716022812209DB8,1,1,416,-51,-5100,2304,1366686725702579,1366686725702579,1,1366690099577
E20068777716022812209DB8,2,1,221,-47,-4750,1768,1366686725714507,1366686725714507,1,1366690099577
E20068777716022812209DB8,2,1,221,-47,-4750,1772,1366686725725801,1366686725725801,1,1366690099577
E20068777716022812209DB8,3,1,26,-46,-4600,416,1366686725737291,1366686725737291,1,1366690099577
E20068777716022812209DB8,3,1,52,-46,-4600,420,1366686725749162,1366686725749162,1,1366690099578
